{
  "providers": [
    {
      "type": "bitmap",
      "file": "minecraft:font/rank/owner.png",
      "ascent": 8,
      "height": 16,
      "chars": ["♚"]
    },
    {
      "type": "bitmap",
      "file": "minecraft:font/rank/admin.png",
      "ascent": 8,
      "height": 16,
      "chars": ["⚜"]
    },
    {
      "type": "bitmap",
      "file": "minecraft:font/rank/mod.png",
      "ascent": 8,
      "height": 16,
      "chars": ["⚔"]
    },
    {
      "type": "bitmap",
      "file": "minecraft:font/rank/builder.png",
      "ascent": 8,
      "height": 16,
      "chars": ["⛏"]
    },
    {
      "type": "bitmap",
      "file": "minecraft:font/rank/helper.png",
      "ascent": 8,
      "height": 16,
      "chars": ["✿"]
    },
    {
      "type": "bitmap",
      "file": "minecraft:font/rank/trainee.png",
      "ascent": 8,
      "height": 16,
      "chars": ["✎"]
    },
    {
      "type": "bitmap",
      "file": "minecraft:font/rank/kraken.png",
      "ascent": 8,
      "height": 16,
      "chars": ["☿"]
    },
    {
      "type": "bitmap",
      "file": "minecraft:font/rank/shark.png",
      "ascent": 8,
      "height": 16,
      "chars": ["▲"]
    },
    {
      "type": "bitmap",
      "file": "minecraft:font/rank/tuna.png",
      "ascent": 8,
      "height": 16,
      "chars": ["⋉"]
    },
    {
      "type": "bitmap",
      "file": "minecraft:font/rank/guppy.png",
      "ascent": 8,
      "height": 16,
      "chars": ["◈"]
    }
  ]
}